{
    "geometries": [{
        "materials": [{
            "specularCoef": 50,
            "visible": true,
            "DbgIndex": 0,
            "blending": "NormalBlending",
            "doubleSided": true,
            "colorAmbient": [0.690196,0.690196,0.690196],
            "DbgColor": 15658734,
            "DbgName": "Merged_MeshesDefault",
            "depthTest": true,
            "depthWrite": true,
            "colorDiffuse": [0.690196,0.690196,0.690196],
            "wireframe": false,
            "opacity": 1,
            "transparent": false,
            "colorEmissive": [0,0,0],
            "shading": "phong",
            "colorSpecular": [0.5,0.5,0.5]
        }],
        "data": {
            "skinWeights": [],
            "bones": [],
            "morphTargets": [],
            "metadata": {
                "bones": 0,
                "uvs": 1,
                "materials": 1,
                "faces": 55,
                "morphTargets": 0,
                "vertices": 55,
                "version": 3,
                "generator": "io_three",
                "normals": 49
            },
            "animations": [],
            "normals": [-0.773522,0.57625,-0.26368,-0.699149,0.468764,-0.539811,-0.699149,-0.468764,-0.539811,-0.773522,-0.57625,-0.26368,0.056185,0.924223,0.377667,0.030305,-0.91876,0.393567,0.402387,-0.80578,0.434462,0.388623,0.813807,0.43202,-0.109043,-0.487167,-0.866451,-0.109043,0.487167,-0.866451,0.086123,0.512253,-0.854488,0.086123,-0.512253,-0.854488,-0.211982,-0.868404,-0.448195,0.205756,-0.844447,-0.494491,0.18067,0.868618,-0.461348,-0.197058,0.877194,-0.437788,-0.350017,-0.353191,-0.86758,-0.350017,0.353191,-0.86758,0.223518,-0.616321,0.755089,0.223518,0.616321,0.755089,-0.629383,0.571368,0.526658,-0.629383,-0.571368,0.526658,0.698447,0,-0.715629,0.945647,0,0.325175,0.450758,0,-0.892636,-0.48909,0.666158,0.563005,-0.48909,0.666158,-0.563005,-0.48909,-0.666158,-0.563005,-0.48909,-0.666158,0.563005,0.839747,0,0.542924,0.839747,0,-0.542924,0.131504,0.98938,-0.061495,-0.429731,0.77691,-0.460097,-0.429731,-0.77691,-0.460097,0.131504,-0.98938,-0.061495,-0.322916,0.787957,0.524216,-0.322916,-0.787957,0.524216,0.626667,0,0.77926,0.527696,0,-0.849422,0.994415,0,-0.105319,0.142705,0.987182,-0.0712,-0.471908,0.779534,-0.411786,-0.471908,-0.779534,-0.411786,0.142705,-0.987182,-0.0712,-0.366863,0.790674,0.490097,-0.366863,-0.790674,0.490097,0.61626,0,0.7875,0.503098,0,-0.864193,0.993561,0,-0.113285],
            "uvs": [[-1.40953,0.97844,-1.2162,0.793411,-1.2162,0.206589,-1.40953,0.02156,-0.573699,1.25025,-0.573699,-0.250247,1.13394,-0.359554,1.13394,1.35955,-0.495297,0.110659,-0.495297,0.889341,0.504897,1.03692,0.504897,-0.036919,-0.570329,-0.000241,0.63139,-0.189856,0.63139,1.18986,-0.570329,1.00024,-0.997984,0.271636,-0.997984,0.728364,-0.93795,-0.092,-0.93795,1.092,-1.47301,1.092,-1.47301,-0.092,1.45941,0.5,1.94773,0.5,1.23042,0.5,0,1,0,0,1,0,1,1]],
            "faces": [42,10,11,12,0,0,1,2,0,1,2,42,10,12,13,0,0,2,3,0,2,3,42,6,7,2,0,4,5,6,4,5,6,42,6,2,3,0,4,6,7,4,6,7,42,21,18,19,0,8,9,10,8,9,10,42,21,19,20,0,8,10,11,8,10,11,42,7,9,4,0,5,12,13,5,12,13,42,7,4,2,0,5,13,6,5,13,6,42,3,5,8,0,7,14,15,7,14,15,42,3,8,6,0,7,15,4,7,15,4,43,6,8,11,10,0,4,15,1,0,4,15,1,0,43,18,21,22,23,0,9,8,16,17,9,8,16,17,43,9,7,13,12,0,12,5,3,2,12,5,3,2,43,15,14,16,17,0,18,19,20,21,18,19,20,21,43,7,6,14,15,0,5,4,19,18,5,4,19,18,43,6,10,16,14,0,4,0,20,19,4,0,20,19,43,10,13,17,16,0,0,3,21,20,0,3,21,20,43,13,7,15,17,0,3,5,18,21,3,5,18,21,43,1,0,2,4,0,22,23,6,13,22,23,6,13,42,20,19,24,0,11,10,24,11,10,24,43,0,1,5,3,0,23,22,14,7,23,22,14,7,42,3,2,0,0,7,6,23,7,6,23,43,8,5,19,18,0,15,14,10,9,15,14,10,9,43,4,9,21,20,0,13,12,8,11,13,12,8,11,43,9,12,22,21,0,12,2,16,8,12,2,16,8,43,12,11,23,22,0,2,1,17,16,2,1,17,16,43,11,8,18,23,0,1,15,9,17,1,15,9,17,43,5,1,24,19,0,14,22,24,10,14,22,24,10,43,1,4,20,24,0,22,13,11,24,22,13,11,24,43,27,29,30,28,0,25,26,27,28,25,26,27,28,42,27,28,25,0,25,26,27,25,28,29,42,30,29,26,0,25,26,27,27,26,30,43,28,30,26,25,0,25,26,27,28,28,27,30,29,43,25,26,29,27,0,25,26,27,28,29,30,26,25,43,34,36,37,35,0,25,26,27,28,31,32,33,34,42,39,38,31,0,25,26,27,35,36,37,42,37,36,33,0,25,26,27,33,32,38,43,35,37,33,32,0,25,26,27,28,34,33,38,39,43,32,33,36,34,0,25,26,27,28,39,38,32,31,43,34,35,38,39,0,26,26,26,26,31,34,36,35,43,35,32,31,38,0,26,26,26,26,34,39,37,36,43,32,34,39,31,0,26,26,26,26,39,31,35,37,43,42,44,45,43,0,25,26,27,28,25,26,27,28,42,42,43,40,0,25,26,27,25,28,29,42,45,44,41,0,25,26,27,27,26,30,43,43,45,41,40,0,25,26,27,28,28,27,30,29,43,40,41,44,42,0,25,26,27,28,29,30,26,25,43,49,51,52,50,0,25,26,27,28,40,41,42,43,42,54,53,46,0,25,26,27,44,45,46,42,52,51,48,0,25,26,27,42,41,47,43,50,52,48,47,0,25,26,27,28,43,42,47,48,43,47,48,51,49,0,25,26,27,28,48,47,41,40,43,49,50,53,54,0,26,26,26,26,40,43,45,44,43,50,47,46,53,0,26,26,26,26,43,48,46,45,43,47,49,54,46,0,26,26,26,26,48,40,44,46],
            "name": "Merged_MeshesGeometry",
            "vertices": [1.44773,0,0.525438,0.959409,0,-0.1441,0.633942,-0.859554,0.491813,0.633942,0.859554,0.491813,0.13139,-0.689856,-0.1441,0.13139,0.689856,-0.1441,-1.0737,0.750247,0.491813,-1.0737,-0.750247,0.491813,-1.07033,0.500241,-0.1441,-1.07033,-0.500241,-0.1441,-1.90953,0.47844,0.491139,-1.7162,0.293411,-0.144774,-1.7162,-0.293411,-0.144774,-1.90953,-0.47844,0.491139,-1.43795,0.592,0.83428,-1.43795,-0.592,0.83428,-1.97301,0.592,0.833606,-1.97301,-0.592,0.833606,-0.995297,0.389341,-0.344143,0.004897,0.536919,-0.344143,0.004897,-0.536919,-0.344143,-0.995297,-0.389341,-0.344143,-1.49798,-0.228364,-0.344667,-1.49798,0.228364,-0.344667,0.730414,0,-0.344143,-0.838654,0,2.56245,-0.838654,0,0.464683,-0.936473,0.030701,2.56245,-0.936473,-0.030701,2.56245,-0.936473,0.030701,0.464683,-0.936473,-0.030701,0.464683,-0.625314,0,2.31301,-0.206519,0,1.23849,-0.625314,0,0.616048,-0.39626,0.714752,1.23849,-0.39626,-0.714752,1.23849,-0.815055,0.5882,0.616048,-0.815055,-0.5882,0.616048,-0.815055,-0.5882,2.31301,-0.815055,0.5882,2.31301,0.074346,0,2.2693,0.074346,0,0.464683,-0.023473,0.030701,2.2693,-0.023473,-0.030701,2.2693,-0.023473,0.030701,0.464683,-0.023473,-0.030701,0.464683,0.329211,0,2.06174,0.748006,0,1.14077,0.329211,0,0.616048,0.51674,0.658507,1.14077,0.51674,-0.658507,1.14077,0.097944,0.5882,0.616048,0.097944,-0.5882,0.616048,0.097944,-0.5882,2.06174,0.097944,0.5882,2.06174],
            "skinIndices": [],
            "influencesPerVertex": 2
        },
        "type": "Geometry",
        "uuid": "7A3FD5D0-D122-38B1-98B1-29F490B4D31A"
    }],
    "materials": [{
        "specular": 8355711,
        "blending": "NormalBlending",
        "uuid": "27ED27F3-0C8D-3BF5-BD45-A9720CC70F6F",
        "depthTest": true,
        "depthWrite": true,
        "shininess": 50,
        "color": 11579568,
        "type": "MeshPhongMaterial",
        "name": "Merged_MeshesDefault",
        "ambient": 11579568,
        "vertexColors": false,
        "emissive": 0,
        "side": 2
    }],
    "metadata": {
        "version": 4.4,
        "generator": "io_three",
        "type": "Object"
    },
    "images": [],
    "object": {
        "type": "Scene",
        "matrix": [1,0,0,0,0,1,0,0,0,0,1,0,0,0,0,1],
        "uuid": "5BD2F487-6DF1-4AB3-B7C9-C6852A9E753B",
        "children": [{
            "name": "Merged_Meshes",
            "uuid": "F2C25827-3195-3861-A980-58C516BFEE2D",
            "matrix": [-1,0,0,0,0,0,1,0,0,1,0,0,0,0,0,1],
            "visible": true,
            "type": "Mesh",
            "material": "27ED27F3-0C8D-3BF5-BD45-A9720CC70F6F",
            "castShadow": true,
            "receiveShadow": true,
            "geometry": "7A3FD5D0-D122-38B1-98B1-29F490B4D31A"
        }]
    },
    "animations": [{
        "tracks": [],
        "fps": 29,
        "name": "default"
    }],
    "textures": []
}